{
  "dependencies": {
    "mssql2": {
      "secretStore": "AzureAppSettings",
      "resourceId": "/subscriptions/[parameters('subscriptionId')]/resourceGroups/[parameters('resourceGroupName')]/providers/Microsoft.Sql/servers/mplantdbserver/databases/Plant_db",
      "type": "mssql.azure",
      "connectionId": "ConnectionStrings:DefaultCon"
    },
    "mssql1": {
      "secretStore": "AzureAppSettings",
      "resourceId": "/subscriptions/[parameters('subscriptionId')]/resourceGroups/[parameters('resourceGroupName')]/providers/Microsoft.Sql/servers/mplantdbserver/databases/Plant_db",
      "type": "mssql.azure",
      "connectionId": "ConnectionStrings:connection"
    }
  }
}