{
  "ReRoutes": [
    {
      "DownstreamPathTemplate": "/getsupplierofpart",
      "DownstreamScheme": "https",
      "DownstreamHostAndPorts": [
        {
          "Host": "localhost",
          "Port": 7015
        }
      ],
      "UpstreamPathTemplate": "/gateway/getsupplierofpart",
      "UpstreamHttpMethod": [ "GET" ]
    },
    {
      "DownstreamPathTemplate": "/addsupplier",
      "DownstreamScheme": "https",
      "DownstreamHostAndPorts": [
        {
          "Host": "localhost",
          "Port": 7015
        }
      ],
      "UpstreamPathTemplate": "/gateway/addsupplier",
      "UpstreamHttpMethod": [ "POST" ]
    },
    {
      "DownstreamPathTemplate": "/editsupplier",
      "DownstreamScheme": "https",
      "DownstreamHostAndPorts": [
        {
          "Host": "localhost",
          "Port": 7015
        }
      ],
      "UpstreamPathTemplate": "/gateway/editsupplier",
      "UpstreamHttpMethod": [ "POST" ]
    },
    {
      "DownstreamPathTemplate": "/updatefeedback",
      "DownstreamScheme": "https",
      "DownstreamHostAndPorts": [
        {
          "Host": "localhost",
          "Port": 7015
        }
      ],
      "UpstreamPathTemplate": "/gateway/updatefeedback",
      "UpstreamHttpMethod": [ "POST" ]
    },
    {
      "DownstreamPathTemplate": "/auth",
      "DownstreamScheme": "https",
      "DownstreamHostAndPorts": [
        {
          "Host": "localhost",
          "Port": 7061
        }
      ],
      "UpstreamPathTemplate": "/gateway/auth",
      "UpstreamHttpMethod": [ "POST" ]
    },
    {
      "DownstreamPathTemplate": "/getPotentialVendorsOfRFQ",
      "DownstreamScheme": "https",
      "DownstreamHostAndPorts": [
        {
          "Host": "localhost",
          "Port": 7129
        }
      ],
      "UpstreamPathTemplate": "/gateway/getPotentialVendorsOfRFQ",
      "UpstreamHttpMethod": [ "GET" ]
    },

    {
      "DownstreamPathTemplate": "/getRFQOfPlant",
      "DownstreamScheme": "https",
      "DownstreamHostAndPorts": [
        {
          "Host": "localhost",
          "Port": 7129
        }
      ],
      "UpstreamPathTemplate": "/gateway/getRFQOfPlant",
      "UpstreamHttpMethod": [ "GET" ]
    },
    {
      "DownstreamPathTemplate": "/viewPartsReOrder",
      "DownstreamScheme": "https",
      "DownstreamHostAndPorts": [
        {
          "Host": "localhost",
          "Port": 7115
        }
      ],
      "UpstreamPathTemplate": "/gateway/viewPartsReOrder",
      "UpstreamHttpMethod": [ "GET" ]
    },

    {
      "DownstreamPathTemplate": "/viewStockInHand",
      "DownstreamScheme": "https",
      "DownstreamHostAndPorts": [
        {
          "Host": "localhost",
          "Port": 7115
        }
      ],
      "UpstreamPathTemplate": "/gateway/viewStockInHand",
      "UpstreamHttpMethod": [ "GET" ]
    },

    {
      "DownstreamPathTemplate": "/updateMinMaxQuantities",
      "DownstreamScheme": "https",
      "DownstreamHostAndPorts": [
        {
          "Host": "localhost",
          "Port": 7115
        }
      ],
      "UpstreamPathTemplate": "/gateway/updateMinMaxQuantities",
      "UpstreamHttpMethod": [ "POST" ]
    }
  ]
}

